{"cameraMode":{"drawMode":0,"name":"Shaded","section":"Shading Mode"},"sceneLighting":true,"audioPlay":false,"sceneViewState":{"showFog":true,"showMaterialUpdate":false,"showSkybox":true,"showFlares":true,"showImageEffects":true,"showParticleSystems":true,"showVisualEffectGraphs":true,"m_FxEnabled":true},"in2DMode":false,"pivot":{"x":14.185203552246094,"y":1.3836981058120728,"z":-8.922586441040039},"rotation":{"x":0.017047466710209848,"y":-0.8762096762657166,"z":0.03037528693675995,"w":0.48191240429878237},"size":2.6066715717315676,"orthographic":false}