{"cameraMode":{"drawMode":0,"name":"Shaded","section":"Shading Mode"},"sceneLighting":true,"audioPlay":false,"sceneViewState":{"showFog":true,"showMaterialUpdate":false,"showSkybox":true,"showFlares":true,"showImageEffects":true,"showParticleSystems":true,"showVisualEffectGraphs":true,"m_FxEnabled":true},"in2DMode":false,"pivot":{"x":19.753150939941408,"y":2.1064915657043459,"z":-2.570139169692993},"rotation":{"x":-0.0064562284387648109,"y":0.9445137977600098,"z":-0.017159288749098779,"w":-0.3298462927341461},"size":0.6209133863449097,"orthographic":false}